DATA PT,log10(x),X-axis (nM),Y-axis
1,0,1,0.02
2,0.3,1.995262315,0.05
3,0.7,5.011872336,0.14
4,1,10,0.25
5,1.3,19.95262315,0.46
6,1.7,50.11872336,0.75
7,2,100,0.67
8,2.3,199.5262315,0.63
9,2.7,501.1872336,0.57
10,3,1000,0.43
11,3.3,1995.262315,0.28
12,3.7,5011.872336,0.14
13,4,10000,0.08