DATA PT,log10(x),X-axis (uM),Y-axis,stdev
1,0,0.1,0.00081,
2,0.4,0.251188643,0.00152,
3,0.7,0.501187234,0.00233,0.0004
4,0.87,0.741310241,0.00356,
5,1,1,0.004,
6,1.4,2.511886432,0.0062,
7,1.7,5.011872336,0.0071,0.0009
8,2,10,0.0084,0.0004
9,2.3,19.95262315,0.0088,
10,2.47,29.51209227,0.008,
11,2.7,50.11872336,0.007,0.0013
12,2.88,75.8577575,0.0062,
13,3,100,0.004,0.00071